id,first_name,last_name,email,phone,status,birth_date,created_at
1,nnnnnnnnn,nnnnnnnnnn,nnnnnnnnnnn0@nnnnnn.nnn,1212121212,nnnnnn,12/12/1212,2/12/1212
2,nnn,nnnnn,nnnnnn1@nnn.nnn,1212121212,nnnnnnnnn,1/12/1212,1/1/1212
3,nnnnnnn,nnnnnnnnn,nnnnnnnnnn2@nnnnnnnnn.nnn,1212121212,nnnnnn,1/12/1212,12/12/1212
4,nnnnn,nnnnnn,nnnnnnn3@nnnnnn.nnn,1212121212,nnnnnn,1/12/1212,2/12/1212
5,nnnnnnn,nnnnnnnnn,nnnnnnnnnn4@nnnnn.nnn,1212121212,nnnnnnnnn,1/12/1212,1/12/1212
7,nnnnn,nnnnnnn,nnnnnnnn6@nnnnnnn.nnn,1212121212,nnnnnn,1/12/1112,1/1/1212
8,nnnnnn,nnnnnnn,nnnnnnnn7@nnnnnnnnnn.nnn,1212121212,nnnnnnnnn,1/12/1212,1/1/1212
9,nnnnnn,nnnnnn,nnnnnnn8@nnnnnnnnn.nnn,1212121212,nnnnnnnnn,11/1/1212,2/12/1212
12,nnnnnnn,nnnnnnnn,nnnnnnnnn9@nnn.nnn.nn,1212121212,nnnnnn,2/11/1212,1/12/1212
